"","State","PrivPub","school","class","sex","like","Class"
"1","ACT","public","1","1","f",8,"1.1"
"2","ACT","public","1","1","f",6,"1.1"
"3","ACT","public","1","1","f",5,"1.1"
"4","ACT","public","1","1","f",2,"1.1"
"6","ACT","public","1","1","f",5,"1.1"
"7","ACT","public","1","1","f",6,"1.1"
"8","ACT","public","1","1","f",3,"1.1"
"9","ACT","public","1","1","f",7,"1.1"
"10","ACT","public","1","1","m",6,"1.1"
"11","ACT","public","1","1","m",3,"1.1"
"12","ACT","public","1","1","m",4,"1.1"
"13","ACT","public","1","1","m",8,"1.1"
"14","ACT","public","1","1","m",5,"1.1"
"15","ACT","public","1","1","m",8,"1.1"
"16","ACT","public","1","2","f",2,"1.2"
"17","ACT","public","1","2","f",4,"1.2"
"18","ACT","public","1","2","f",4,"1.2"
"19","ACT","public","1","2","f",4,"1.2"
"20","ACT","public","1","2","f",3,"1.2"
"21","ACT","public","1","2","f",5,"1.2"
"22","ACT","public","1","2","f",6,"1.2"
"24","ACT","public","1","2","m",6,"1.2"
"25","ACT","public","1","2","m",6,"1.2"
"26","ACT","public","1","2","m",5,"1.2"
"27","ACT","public","1","2","m",8,"1.2"
"28","ACT","public","1","2","m",5,"1.2"
"29","ACT","public","1","2","m",6,"1.2"
"30","ACT","public","1","3","f",5,"1.3"
"31","ACT","public","1","3","f",4,"1.3"
"33","ACT","public","1","3","f",3,"1.3"
"34","ACT","public","1","3","f",4,"1.3"
"35","ACT","public","1","3","f",1,"1.3"
"36","ACT","public","1","3","f",1,"1.3"
"37","ACT","public","1","3","m",7,"1.3"
"38","ACT","public","1","3","m",7,"1.3"
"39","ACT","public","1","3","m",3,"1.3"
"40","ACT","public","1","3","m",8,"1.3"
"41","ACT","public","1","3","m",5,"1.3"
"42","ACT","public","1","3","m",3,"1.3"
"43","ACT","public","1","3","m",8,"1.3"
"44","ACT","public","1","3","m",6,"1.3"
"45","ACT","public","2","1","f",6,"2.1"
"46","ACT","public","2","1","f",3,"2.1"
"47","ACT","public","2","1","f",3,"2.1"
"48","ACT","public","2","1","f",7,"2.1"
"49","ACT","public","2","1","f",6,"2.1"
"50","ACT","public","2","1","f",7,"2.1"
"51","ACT","public","2","1","f",6,"2.1"
"52","ACT","public","2","1","f",8,"2.1"
"53","ACT","public","2","1","f",7,"2.1"
"54","ACT","public","2","1","f",7,"2.1"
"55","ACT","public","2","1","f",3,"2.1"
"56","ACT","public","2","1","m",8,"2.1"
"57","ACT","public","2","1","m",7,"2.1"
"58","ACT","public","2","1","m",8,"2.1"
"60","ACT","public","2","1","m",4,"2.1"
"61","ACT","public","2","1","m",3,"2.1"
"62","ACT","public","2","1","m",1,"2.1"
"63","ACT","public","2","1","m",3,"2.1"
"65","ACT","public","2","1","m",8,"2.1"
"66","ACT","public","2","1","m",6,"2.1"
"67","ACT","public","2","1","m",7,"2.1"
"68","ACT","public","2","1","m",3,"2.1"
"69","ACT","public","2","1","m",6,"2.1"
"70","ACT","public","2","1","m",7,"2.1"
"71","ACT","public","2","1","m",8,"2.1"
"72","ACT","public","2","1","m",8,"2.1"
"73","ACT","public","3","1","f",3,"3.1"
"74","ACT","public","3","1","f",2,"3.1"
"75","ACT","public","3","1","f",8,"3.1"
"76","ACT","public","3","1","f",6,"3.1"
"77","ACT","public","3","1","f",2,"3.1"
"78","ACT","public","3","1","f",4,"3.1"
"79","ACT","public","3","1","f",3,"3.1"
"80","ACT","public","3","1","f",5,"3.1"
"81","ACT","public","3","1","f",3,"3.1"
"82","ACT","public","3","1","f",5,"3.1"
"83","ACT","public","3","1","f",6,"3.1"
"84","ACT","public","3","1","f",7,"3.1"
"85","ACT","public","3","1","f",8,"3.1"
"86","ACT","public","3","1","f",7,"3.1"
"87","ACT","public","3","1","m",2,"3.1"
"88","ACT","public","3","1","m",5,"3.1"
"89","ACT","public","3","1","m",6,"3.1"
"90","ACT","public","3","1","m",6,"3.1"
"91","ACT","public","3","1","m",5,"3.1"
"92","ACT","public","3","1","m",4,"3.1"
"93","ACT","public","3","1","m",7,"3.1"
"94","ACT","public","3","1","m",6,"3.1"
"95","ACT","public","3","1","m",4,"3.1"
"96","ACT","public","3","1","m",4,"3.1"
"97","ACT","public","3","1","m",6,"3.1"
"98","ACT","public","3","1","m",4,"3.1"
"99","ACT","public","3","1","m",4,"3.1"
"100","ACT","public","3","2","f",8,"3.2"
"101","ACT","public","3","2","f",6,"3.2"
"102","ACT","public","3","2","f",4,"3.2"
"103","ACT","public","3","2","f",5,"3.2"
"104","ACT","public","3","2","f",6,"3.2"
"106","ACT","public","3","2","f",6,"3.2"
"107","ACT","public","3","2","f",4,"3.2"
"108","ACT","public","3","2","f",3,"3.2"
"109","ACT","public","3","2","f",4,"3.2"
"110","ACT","public","3","2","f",5,"3.2"
"111","ACT","public","3","2","f",4,"3.2"
"113","ACT","public","3","2","m",6,"3.2"
"114","ACT","public","3","2","m",5,"3.2"
"115","ACT","public","3","2","m",6,"3.2"
"116","ACT","public","3","2","m",3,"3.2"
"117","ACT","public","3","2","m",8,"3.2"
"118","ACT","public","3","2","m",5,"3.2"
"119","ACT","public","3","2","m",4,"3.2"
"120","ACT","public","3","2","m",7,"3.2"
"121","ACT","public","3","2","m",8,"3.2"
"122","ACT","public","3","2","m",6,"3.2"
"123","ACT","public","3","2","m",7,"3.2"
"125","ACT","public","4","1","f",5,"4.1"
"126","ACT","public","4","1","f",6,"4.1"
"127","ACT","public","4","1","f",6,"4.1"
"128","ACT","public","4","1","f",6,"4.1"
"129","ACT","public","4","1","f",6,"4.1"
"130","ACT","public","4","1","f",8,"4.1"
"131","ACT","public","4","1","f",4,"4.1"
"132","ACT","public","4","1","f",8,"4.1"
"133","ACT","public","4","1","f",8,"4.1"
"134","ACT","public","4","1","f",6,"4.1"
"135","ACT","public","4","1","f",5,"4.1"
"137","ACT","public","4","1","f",6,"4.1"
"139","ACT","public","4","1","m",6,"4.1"
"140","ACT","public","4","1","m",8,"4.1"
"141","ACT","public","4","1","m",5,"4.1"
"142","ACT","public","4","1","m",8,"4.1"
"143","ACT","public","4","1","m",6,"4.1"
"144","ACT","public","4","1","m",8,"4.1"
"145","ACT","public","4","1","m",8,"4.1"
"146","ACT","public","4","1","m",8,"4.1"
"147","ACT","public","4","1","m",7,"4.1"
"148","ACT","public","4","1","m",5,"4.1"
"150","ACT","public","4","1","m",6,"4.1"
"151","ACT","public","4","1","m",8,"4.1"
"152","ACT","public","4","1","m",8,"4.1"
"153","ACT","public","4","1","m",6,"4.1"
"155","ACT","public","4","1","m",5,"4.1"
"156","ACT","public","5","1","f",2,"5.1"
"157","ACT","public","5","1","f",4,"5.1"
"158","ACT","public","5","1","f",4,"5.1"
"159","ACT","public","5","1","f",5,"5.1"
"160","ACT","public","5","1","f",6,"5.1"
"161","ACT","public","5","1","f",4,"5.1"
"162","ACT","public","5","1","f",4,"5.1"
"163","ACT","public","5","1","f",5,"5.1"
"164","ACT","public","5","1","f",2,"5.1"
"165","ACT","public","5","1","f",5,"5.1"
"166","ACT","public","5","1","m",4,"5.1"
"167","ACT","public","5","1","m",2,"5.1"
"169","ACT","public","5","1","m",6,"5.1"
"170","ACT","public","6","1","f",5,"6.1"
"171","ACT","public","6","1","f",5,"6.1"
"172","ACT","public","6","1","f",6,"6.1"
"173","ACT","public","6","1","f",6,"6.1"
"175","ACT","public","6","1","f",8,"6.1"
"176","ACT","public","6","1","f",4,"6.1"
"177","ACT","public","6","1","f",5,"6.1"
"178","ACT","public","6","1","f",2,"6.1"
"179","ACT","public","6","1","f",8,"6.1"
"180","ACT","public","6","1","f",3,"6.1"
"181","ACT","public","6","1","f",7,"6.1"
"182","ACT","public","6","1","f",5,"6.1"
"183","ACT","public","6","1","f",6,"6.1"
"184","ACT","public","6","1","f",4,"6.1"
"185","ACT","public","6","1","f",6,"6.1"
"186","ACT","public","6","1","m",6,"6.1"
"187","ACT","public","6","1","m",7,"6.1"
"188","ACT","public","6","1","m",2,"6.1"
"189","ACT","public","6","1","m",6,"6.1"
"190","ACT","public","6","1","m",7,"6.1"
"191","ACT","public","6","1","m",2,"6.1"
"192","ACT","public","6","1","m",6,"6.1"
"193","ACT","public","6","1","m",6,"6.1"
"194","ACT","public","6","2","f",6,"6.2"
"195","ACT","public","6","2","f",6,"6.2"
"196","ACT","public","6","2","f",3,"6.2"
"197","ACT","public","6","2","f",8,"6.2"
"198","ACT","public","6","2","f",6,"6.2"
"199","ACT","public","6","2","f",6,"6.2"
"200","ACT","public","6","2","f",6,"6.2"
"201","ACT","public","6","2","f",6,"6.2"
"202","ACT","public","6","2","f",6,"6.2"
"203","ACT","public","6","2","f",6,"6.2"
"204","ACT","public","6","2","f",6,"6.2"
"205","ACT","public","6","2","f",7,"6.2"
"206","ACT","public","6","2","f",8,"6.2"
"207","ACT","public","6","2","f",4,"6.2"
"208","ACT","public","6","2","m",8,"6.2"
"209","ACT","public","6","2","m",8,"6.2"
"210","ACT","public","6","2","m",6,"6.2"
"211","ACT","public","6","2","m",6,"6.2"
"213","ACT","public","6","2","m",4,"6.2"
"215","ACT","public","6","2","m",5,"6.2"
"216","ACT","public","7","1","f",4,"7.1"
"217","ACT","public","7","1","f",4,"7.1"
"218","ACT","public","7","1","f",3,"7.1"
"219","ACT","public","7","1","f",4,"7.1"
"220","ACT","public","7","1","f",4,"7.1"
"221","ACT","public","7","1","f",7,"7.1"
"222","ACT","public","7","1","f",4,"7.1"
"223","ACT","public","7","1","m",7,"7.1"
"224","ACT","public","7","1","m",6,"7.1"
"226","ACT","public","7","1","m",7,"7.1"
"227","ACT","public","7","1","m",4,"7.1"
"228","ACT","public","7","1","m",7,"7.1"
"229","ACT","public","7","1","m",4,"7.1"
"230","ACT","public","7","1","m",7,"7.1"
"231","ACT","public","7","1","m",7,"7.1"
"232","ACT","public","7","1","m",4,"7.1"
"233","ACT","public","7","1","m",7,"7.1"
"235","ACT","public","8","1","f",6,"8.1"
"237","ACT","public","8","1","f",7,"8.1"
"238","ACT","public","8","1","f",3,"8.1"
"240","ACT","public","8","1","f",3,"8.1"
"241","ACT","public","8","1","f",6,"8.1"
"242","ACT","public","8","1","f",6,"8.1"
"243","ACT","public","8","1","f",8,"8.1"
"244","ACT","public","8","1","f",7,"8.1"
"245","ACT","public","8","1","f",7,"8.1"
"247","ACT","public","8","1","m",5,"8.1"
"248","ACT","public","8","1","m",7,"8.1"
"249","ACT","public","8","1","m",5,"8.1"
"250","ACT","public","8","1","m",3,"8.1"
"251","ACT","public","8","1","m",3,"8.1"
"252","ACT","public","8","1","m",7,"8.1"
"253","ACT","public","8","1","m",5,"8.1"
"255","ACT","public","8","1","m",4,"8.1"
"256","ACT","public","8","1","m",8,"8.1"
"257","ACT","public","8","1","m",6,"8.1"
"258","ACT","public","8","1","m",6,"8.1"
"259","ACT","public","8","1","m",6,"8.1"
"260","ACT","public","8","1","m",1,"8.1"
"261","ACT","public","8","1","m",2,"8.1"
"262","ACT","public","8","1","m",7,"8.1"
"263","ACT","public","8","1","m",6,"8.1"
"264","ACT","public","8","1","m",7,"8.1"
"265","ACT","public","8","1","m",6,"8.1"
"267","ACT","public","9","1","f",5,"9.1"
"268","ACT","public","9","1","f",3,"9.1"
"269","ACT","public","9","1","f",5,"9.1"
"270","ACT","public","9","1","f",5,"9.1"
"271","ACT","public","9","1","f",6,"9.1"
"272","ACT","public","9","1","f",4,"9.1"
"273","ACT","public","9","1","f",6,"9.1"
"274","ACT","public","9","1","f",4,"9.1"
"275","ACT","public","9","1","f",5,"9.1"
"276","ACT","public","9","1","f",3,"9.1"
"277","ACT","public","9","1","f",4,"9.1"
"279","ACT","public","9","1","m",6,"9.1"
"280","ACT","public","9","1","m",7,"9.1"
"281","ACT","public","9","1","m",8,"9.1"
"282","ACT","public","9","1","m",5,"9.1"
"283","ACT","public","9","1","m",8,"9.1"
"285","ACT","public","9","1","m",6,"9.1"
"286","ACT","public","9","1","m",6,"9.1"
"287","ACT","public","9","1","m",8,"9.1"
"288","ACT","public","9","1","m",6,"9.1"
"289","ACT","public","9","1","m",4,"9.1"
"290","ACT","public","9","1","m",2,"9.1"
"291","ACT","public","9","1","m",6,"9.1"
"292","ACT","public","9","1","m",6,"9.1"
"293","ACT","public","9","1","m",7,"9.1"
"294","ACT","public","10","1","f",8,"10.1"
"295","ACT","public","10","1","f",6,"10.1"
"296","ACT","public","10","1","f",7,"10.1"
"297","ACT","public","10","1","f",8,"10.1"
"298","ACT","public","10","1","f",4,"10.1"
"299","ACT","public","10","1","f",6,"10.1"
"300","ACT","public","10","1","f",7,"10.1"
"302","ACT","public","10","1","f",3,"10.1"
"304","ACT","public","10","1","m",8,"10.1"
"305","ACT","public","10","1","m",6,"10.1"
"306","ACT","public","10","1","m",8,"10.1"
"307","ACT","public","10","1","m",8,"10.1"
"308","ACT","public","10","1","m",3,"10.1"
"309","ACT","public","10","1","m",5,"10.1"
"310","ACT","public","11","1","f",8,"11.1"
"311","ACT","public","11","1","f",3,"11.1"
"312","ACT","public","11","1","f",8,"11.1"
"313","ACT","public","11","1","f",7,"11.1"
"314","ACT","public","11","1","f",6,"11.1"
"315","ACT","public","11","1","f",6,"11.1"
"316","ACT","public","11","1","f",6,"11.1"
"317","ACT","public","11","1","f",6,"11.1"
"318","ACT","public","11","1","f",6,"11.1"
"319","ACT","public","11","1","m",6,"11.1"
"320","ACT","public","11","1","m",3,"11.1"
"321","ACT","public","11","1","m",5,"11.1"
"322","ACT","public","11","1","m",6,"11.1"
"323","ACT","public","11","1","m",6,"11.1"
"324","ACT","public","11","1","m",5,"11.1"
"325","ACT","public","11","1","m",8,"11.1"
"326","ACT","public","12","1","f",2,"12.1"
"327","ACT","public","12","1","f",4,"12.1"
"328","ACT","public","12","1","f",6,"12.1"
"329","ACT","public","12","1","f",6,"12.1"
"330","ACT","public","12","1","f",8,"12.1"
"331","ACT","public","12","1","f",7,"12.1"
"332","ACT","public","12","1","f",8,"12.1"
"333","ACT","public","12","1","f",6,"12.1"
"334","ACT","public","12","1","f",5,"12.1"
"336","ACT","public","12","1","f",8,"12.1"
"337","ACT","public","12","1","f",4,"12.1"
"338","ACT","public","12","1","f",4,"12.1"
"339","ACT","public","12","1","f",7,"12.1"
"340","ACT","public","12","1","m",8,"12.1"
"341","ACT","public","12","1","m",2,"12.1"
"342","ACT","public","12","1","m",6,"12.1"
"343","ACT","public","12","1","m",5,"12.1"
"344","ACT","public","12","1","m",3,"12.1"
"345","ACT","public","12","1","m",6,"12.1"
"346","ACT","public","12","1","m",6,"12.1"
"348","ACT","public","12","1","m",3,"12.1"
"349","ACT","public","12","1","m",5,"12.1"
"350","ACT","public","12","1","m",6,"12.1"
"352","ACT","public","12","1","m",7,"12.1"
"353","ACT","public","12","1","m",7,"12.1"
"354","ACT","public","13","1","f",5,"13.1"
"355","ACT","public","13","1","f",6,"13.1"
"356","ACT","public","13","1","f",8,"13.1"
"357","ACT","public","13","1","f",6,"13.1"
"358","ACT","public","13","1","f",7,"13.1"
"359","ACT","public","13","1","f",5,"13.1"
"361","ACT","public","13","1","f",4,"13.1"
"362","ACT","public","13","1","f",6,"13.1"
"363","ACT","public","13","1","f",8,"13.1"
"364","ACT","public","13","1","f",7,"13.1"
"367","ACT","public","13","1","f",7,"13.1"
"368","ACT","public","13","1","f",6,"13.1"
"369","ACT","public","13","1","f",5,"13.1"
"370","ACT","public","13","1","f",8,"13.1"
"371","ACT","public","13","1","m",8,"13.1"
"372","ACT","public","13","1","m",7,"13.1"
"373","ACT","public","13","1","m",5,"13.1"
"374","ACT","public","13","1","m",8,"13.1"
"375","ACT","public","13","1","m",7,"13.1"
"376","ACT","public","13","1","m",8,"13.1"
"377","ACT","public","13","1","m",7,"13.1"
"378","ACT","public","13","1","m",8,"13.1"
"379","ACT","public","13","1","m",6,"13.1"
"380","ACT","public","13","1","m",4,"13.1"
"381","ACT","public","13","1","m",6,"13.1"
"382","ACT","public","13","1","m",4,"13.1"
"383","ACT","public","13","2","f",6,"13.2"
"384","ACT","public","13","2","f",4,"13.2"
"385","ACT","public","13","2","f",6,"13.2"
"386","ACT","public","13","2","f",8,"13.2"
"387","ACT","public","13","2","f",6,"13.2"
"388","ACT","public","13","2","f",6,"13.2"
"389","ACT","public","13","2","f",6,"13.2"
"390","ACT","public","13","2","f",6,"13.2"
"391","ACT","public","13","2","f",6,"13.2"
"392","ACT","public","13","2","f",5,"13.2"
"393","ACT","public","13","2","f",5,"13.2"
"394","ACT","public","13","2","m",6,"13.2"
"395","ACT","public","13","2","m",6,"13.2"
"396","ACT","public","13","2","m",3,"13.2"
"398","ACT","public","13","2","m",5,"13.2"
"399","ACT","public","13","2","m",6,"13.2"
"401","ACT","public","13","2","m",4,"13.2"
"403","ACT","public","14","1","f",3,"14.1"
"404","ACT","public","14","1","f",4,"14.1"
"406","ACT","public","14","1","f",2,"14.1"
"408","ACT","public","14","1","f",3,"14.1"
"409","ACT","public","14","1","f",3,"14.1"
"410","ACT","public","14","1","f",4,"14.1"
"411","ACT","public","14","1","f",7,"14.1"
"413","ACT","public","14","1","f",6,"14.1"
"414","ACT","public","14","1","f",7,"14.1"
"415","ACT","public","14","1","m",8,"14.1"
"417","ACT","public","14","1","m",6,"14.1"
"418","ACT","public","14","1","m",5,"14.1"
"419","ACT","public","14","1","m",8,"14.1"
"420","ACT","public","14","1","m",4,"14.1"
"421","ACT","public","14","1","m",2,"14.1"
"422","ACT","public","14","1","m",8,"14.1"
"424","ACT","public","14","1","m",6,"14.1"
"425","ACT","public","14","1","m",5,"14.1"
"426","ACT","public","14","1","m",6,"14.1"
"427","ACT","public","14","1","m",1,"14.1"
"428","ACT","public","14","1","m",4,"14.1"
"429","ACT","public","14","1","m",1,"14.1"
"430","ACT","public","14","1","m",1,"14.1"
"431","ACT","public","14","1","m",4,"14.1"
"432","ACT","public","15","1","f",1,"15.1"
"433","ACT","public","15","1","f",6,"15.1"
"434","ACT","public","15","1","f",6,"15.1"
"435","ACT","public","15","1","f",6,"15.1"
"436","ACT","public","15","1","f",4,"15.1"
"437","ACT","public","15","1","f",3,"15.1"
"438","ACT","public","15","1","f",3,"15.1"
"439","ACT","public","15","1","f",2,"15.1"
"440","ACT","public","15","1","f",3,"15.1"
"443","ACT","public","15","1","m",6,"15.1"
"444","ACT","public","15","1","m",4,"15.1"
"445","ACT","public","15","1","m",5,"15.1"
"446","ACT","public","15","1","m",3,"15.1"
"447","ACT","public","15","1","m",3,"15.1"
"448","ACT","public","15","1","m",2,"15.1"
"449","ACT","public","15","1","m",1,"15.1"
"450","ACT","public","15","1","m",6,"15.1"
"451","ACT","public","15","1","m",8,"15.1"
"452","ACT","public","15","2","f",5,"15.2"
"453","ACT","public","15","2","f",8,"15.2"
"454","ACT","public","15","2","f",6,"15.2"
"455","ACT","public","15","2","f",5,"15.2"
"456","ACT","public","15","2","f",6,"15.2"
"457","ACT","public","15","2","f",4,"15.2"
"458","ACT","public","15","2","f",3,"15.2"
"459","ACT","public","15","2","f",3,"15.2"
"460","ACT","public","15","2","f",6,"15.2"
"461","ACT","public","15","2","f",5,"15.2"
"462","ACT","public","15","2","f",3,"15.2"
"463","ACT","public","15","2","f",3,"15.2"
"464","ACT","public","15","2","m",4,"15.2"
"465","ACT","public","15","2","m",4,"15.2"
"466","ACT","public","15","2","m",6,"15.2"
"467","ACT","public","15","2","m",5,"15.2"
"468","ACT","public","15","2","m",3,"15.2"
"469","ACT","public","15","2","m",4,"15.2"
"470","ACT","public","15","2","m",7,"15.2"
"471","ACT","public","15","2","m",8,"15.2"
"472","ACT","public","15","2","m",6,"15.2"
"473","ACT","public","15","2","m",8,"15.2"
"474","ACT","public","15","2","m",3,"15.2"
"475","ACT","public","15","2","m",4,"15.2"
"476","ACT","public","15","2","m",3,"15.2"
"477","ACT","public","16","1","f",4,"16.1"
"478","ACT","public","16","1","f",1,"16.1"
"479","ACT","public","16","1","f",1,"16.1"
"480","ACT","public","16","1","f",1,"16.1"
"481","ACT","public","16","1","f",3,"16.1"
"482","ACT","public","16","1","f",1,"16.1"
"483","ACT","public","16","1","f",5,"16.1"
"484","ACT","public","16","1","f",5,"16.1"
"485","ACT","public","16","1","f",3,"16.1"
"486","ACT","public","16","1","f",6,"16.1"
"487","ACT","public","16","1","f",3,"16.1"
"488","ACT","public","16","1","f",3,"16.1"
"489","ACT","public","16","1","f",2,"16.1"
"490","ACT","public","16","1","f",6,"16.1"
"491","ACT","public","16","1","m",4,"16.1"
"492","ACT","public","16","1","m",6,"16.1"
"493","ACT","public","16","1","m",1,"16.1"
"494","ACT","public","16","1","m",2,"16.1"
"495","ACT","public","16","1","m",2,"16.1"
"496","ACT","public","16","1","m",3,"16.1"
"497","ACT","public","16","1","m",5,"16.1"
"498","ACT","public","16","1","m",8,"16.1"
"499","ACT","public","16","1","m",7,"16.1"
"500","ACT","public","16","1","m",5,"16.1"
"502","ACT","public","16","2","f",7,"16.2"
"503","ACT","public","16","2","f",7,"16.2"
"504","ACT","public","16","2","f",6,"16.2"
"505","ACT","public","16","2","f",4,"16.2"
"506","ACT","public","16","2","f",5,"16.2"
"507","ACT","public","16","2","f",5,"16.2"
"508","ACT","public","16","2","f",2,"16.2"
"509","ACT","public","16","2","f",8,"16.2"
"510","ACT","public","16","2","f",7,"16.2"
"511","ACT","public","16","2","f",6,"16.2"
"512","ACT","public","16","2","f",6,"16.2"
"513","ACT","public","16","2","f",4,"16.2"
"514","ACT","public","16","2","f",6,"16.2"
"515","ACT","public","16","2","m",4,"16.2"
"516","ACT","public","16","2","m",4,"16.2"
"517","ACT","public","16","2","m",8,"16.2"
"518","ACT","public","16","2","m",5,"16.2"
"519","ACT","public","16","2","m",8,"16.2"
"520","ACT","public","16","2","m",3,"16.2"
"521","ACT","public","16","2","m",6,"16.2"
"522","ACT","public","16","2","m",5,"16.2"
"523","ACT","public","16","2","m",6,"16.2"
"525","ACT","public","16","2","m",1,"16.2"
"526","ACT","public","16","2","m",8,"16.2"
"527","ACT","public","16","2","m",6,"16.2"
"528","ACT","public","16","3","f",5,"16.3"
"529","ACT","public","16","3","f",4,"16.3"
"530","ACT","public","16","3","f",6,"16.3"
"531","ACT","public","16","3","f",3,"16.3"
"533","ACT","public","16","3","f",4,"16.3"
"534","ACT","public","16","3","f",6,"16.3"
"535","ACT","public","16","3","f",4,"16.3"
"537","ACT","public","16","3","f",5,"16.3"
"538","ACT","public","16","3","f",6,"16.3"
"539","ACT","public","16","3","m",6,"16.3"
"540","ACT","public","16","3","m",7,"16.3"
"541","ACT","public","16","3","m",4,"16.3"
"542","ACT","public","16","3","m",4,"16.3"
"543","ACT","public","16","3","m",6,"16.3"
"544","ACT","public","16","3","m",4,"16.3"
"545","ACT","public","16","3","m",7,"16.3"
"546","ACT","public","16","3","m",7,"16.3"
"547","ACT","public","16","3","m",4,"16.3"
"549","ACT","public","16","3","m",3,"16.3"
"550","ACT","public","16","3","m",8,"16.3"
"552","ACT","public","16","4","f",3,"16.4"
"553","ACT","public","16","4","f",7,"16.4"
"554","ACT","public","16","4","f",1,"16.4"
"555","ACT","public","16","4","f",3,"16.4"
"556","ACT","public","16","4","f",4,"16.4"
"557","ACT","public","16","4","f",1,"16.4"
"558","ACT","public","16","4","f",3,"16.4"
"559","ACT","public","16","4","f",6,"16.4"
"560","ACT","public","16","4","f",4,"16.4"
"561","ACT","public","16","4","f",3,"16.4"
"562","ACT","public","16","4","f",4,"16.4"
"563","ACT","public","16","4","f",5,"16.4"
"564","ACT","public","16","4","f",4,"16.4"
"565","ACT","public","16","4","f",4,"16.4"
"566","ACT","public","16","4","m",6,"16.4"
"567","ACT","public","16","4","m",6,"16.4"
"568","ACT","public","16","4","m",8,"16.4"
"569","ACT","public","16","4","m",4,"16.4"
"570","ACT","public","16","4","m",6,"16.4"
"571","ACT","public","16","4","m",5,"16.4"
"572","ACT","public","16","4","m",3,"16.4"
"573","ACT","public","16","4","m",6,"16.4"
"574","ACT","public","16","4","m",7,"16.4"
"575","ACT","public","16","4","m",6,"16.4"
"576","ACT","public","16","4","m",6,"16.4"
"577","ACT","public","17","1","f",6,"17.1"
"578","ACT","public","17","1","f",6,"17.1"
"579","ACT","public","17","1","f",6,"17.1"
"580","ACT","public","17","1","f",3,"17.1"
"581","ACT","public","17","1","f",7,"17.1"
"582","ACT","public","17","1","f",6,"17.1"
"583","ACT","public","17","1","f",8,"17.1"
"584","ACT","public","17","1","f",3,"17.1"
"585","ACT","public","17","1","f",6,"17.1"
"586","ACT","public","17","1","f",6,"17.1"
"587","ACT","public","17","1","f",6,"17.1"
"588","ACT","public","17","1","f",5,"17.1"
"589","ACT","public","17","1","f",6,"17.1"
"590","ACT","public","17","1","f",3,"17.1"
"591","ACT","public","17","1","f",4,"17.1"
"592","ACT","public","17","1","f",6,"17.1"
"594","ACT","public","17","1","f",6,"17.1"
"595","ACT","public","17","1","f",4,"17.1"
"599","ACT","public","17","1","f",6,"17.1"
"600","ACT","public","17","1","f",4,"17.1"
"601","ACT","public","17","1","f",8,"17.1"
"602","ACT","public","17","1","f",6,"17.1"
"603","ACT","public","17","1","f",1,"17.1"
"604","ACT","public","17","1","f",6,"17.1"
"606","ACT","public","17","1","m",6,"17.1"
"607","ACT","public","17","1","m",1,"17.1"
"608","ACT","public","17","1","m",3,"17.1"
"609","ACT","public","17","1","m",4,"17.1"
"610","ACT","public","17","1","m",1,"17.1"
"611","ACT","public","17","1","m",4,"17.1"
"612","ACT","public","17","1","m",7,"17.1"
"613","ACT","public","17","1","m",4,"17.1"
"614","ACT","public","17","1","m",4,"17.1"
"615","ACT","public","17","1","m",6,"17.1"
"616","ACT","public","17","1","m",6,"17.1"
"618","ACT","public","17","1","m",4,"17.1"
"620","ACT","public","17","1","m",8,"17.1"
"621","ACT","public","17","1","m",6,"17.1"
"622","ACT","public","17","1","m",6,"17.1"
"623","ACT","public","17","1","m",6,"17.1"
"624","ACT","public","17","1","m",6,"17.1"
"625","ACT","public","17","1","m",7,"17.1"
"626","ACT","public","17","1","m",6,"17.1"
"627","ACT","public","17","1","m",4,"17.1"
"628","ACT","public","17","1","m",1,"17.1"
"629","ACT","public","17","1","m",7,"17.1"
"630","ACT","public","17","1","m",7,"17.1"
"631","ACT","public","17","1","m",4,"17.1"
"632","ACT","public","17","1","m",6,"17.1"
"633","ACT","public","17","1","m",1,"17.1"
"634","ACT","public","18","1","f",4,"18.1"
"635","ACT","public","18","1","f",8,"18.1"
"636","ACT","public","18","1","f",6,"18.1"
"637","ACT","public","18","1","f",5,"18.1"
"638","ACT","public","18","1","f",5,"18.1"
"639","ACT","public","18","1","f",5,"18.1"
"640","ACT","public","18","1","f",3,"18.1"
"641","ACT","public","18","1","f",6,"18.1"
"642","ACT","public","18","1","f",8,"18.1"
"643","ACT","public","18","1","f",3,"18.1"
"644","ACT","public","18","1","f",7,"18.1"
"645","ACT","public","18","1","f",3,"18.1"
"646","ACT","public","18","1","m",6,"18.1"
"649","ACT","public","18","1","m",6,"18.1"
"650","ACT","public","18","1","m",8,"18.1"
"652","ACT","public","18","1","m",7,"18.1"
"653","ACT","public","18","1","m",1,"18.1"
"654","ACT","public","18","1","m",5,"18.1"
"655","ACT","public","18","1","m",6,"18.1"
"656","ACT","public","18","1","m",8,"18.1"
"657","ACT","public","18","1","m",8,"18.1"
"658","ACT","public","18","2","f",4,"18.2"
"659","ACT","public","18","2","f",5,"18.2"
"660","ACT","public","18","2","f",7,"18.2"
"661","ACT","public","18","2","f",6,"18.2"
"662","ACT","public","18","2","f",3,"18.2"
"663","ACT","public","18","2","m",5,"18.2"
"664","ACT","public","18","2","m",6,"18.2"
"665","ACT","public","18","2","m",6,"18.2"
"666","ACT","public","18","2","m",5,"18.2"
"667","ACT","public","18","2","m",4,"18.2"
"669","ACT","public","18","2","m",5,"18.2"
"670","ACT","public","18","2","m",6,"18.2"
"671","ACT","public","19","1",NA,5,"19.1"
"672","ACT","public","19","1",NA,5,"19.1"
"673","ACT","public","19","1","f",7,"19.1"
"674","ACT","public","19","1","f",7,"19.1"
"675","ACT","public","19","1","f",3,"19.1"
"676","ACT","public","19","1","f",4,"19.1"
"677","ACT","public","19","1","f",6,"19.1"
"678","ACT","public","19","1","f",3,"19.1"
"679","ACT","public","19","1","f",3,"19.1"
"680","ACT","public","19","1","f",6,"19.1"
"681","ACT","public","19","1","f",6,"19.1"
"682","ACT","public","19","1","f",4,"19.1"
"683","ACT","public","19","1","f",5,"19.1"
"685","ACT","public","19","1","f",5,"19.1"
"686","ACT","public","19","1","m",4,"19.1"
"688","ACT","public","19","1","m",4,"19.1"
"689","ACT","public","19","1","m",4,"19.1"
"690","ACT","public","19","1","m",5,"19.1"
"691","ACT","public","19","1","m",6,"19.1"
"692","ACT","public","19","1","m",4,"19.1"
"693","ACT","public","19","1","m",4,"19.1"
"694","ACT","public","19","1","m",6,"19.1"
"695","ACT","public","19","1","m",1,"19.1"
"696","ACT","public","19","1","m",2,"19.1"
"697","ACT","public","19","1","m",6,"19.1"
"699","ACT","public","20","1","f",7,"20.1"
"700","ACT","public","20","1","f",8,"20.1"
"701","ACT","public","20","1","f",4,"20.1"
"702","ACT","public","20","1","f",3,"20.1"
"703","ACT","public","20","1","f",8,"20.1"
"704","ACT","public","20","1","f",7,"20.1"
"705","ACT","public","20","1","f",4,"20.1"
"706","ACT","public","20","1","f",7,"20.1"
"707","ACT","public","20","1","m",2,"20.1"
"708","ACT","public","20","1","m",4,"20.1"
"709","ACT","public","20","1","m",5,"20.1"
"710","ACT","public","20","1","m",7,"20.1"
"711","ACT","public","20","1","m",6,"20.1"
"712","ACT","public","20","2","f",6,"20.2"
"714","ACT","public","20","2","f",6,"20.2"
"715","ACT","public","20","2","f",6,"20.2"
"716","ACT","public","20","2","f",5,"20.2"
"718","ACT","public","20","2","f",6,"20.2"
"719","ACT","public","20","2","f",3,"20.2"
"720","ACT","public","20","2","f",2,"20.2"
"721","ACT","public","20","2","f",5,"20.2"
"722","ACT","public","20","2","f",7,"20.2"
"723","ACT","public","20","2","f",6,"20.2"
"724","ACT","public","20","2","f",4,"20.2"
"725","ACT","public","20","2","f",4,"20.2"
"726","ACT","public","20","2","f",4,"20.2"
"727","ACT","public","20","2","f",8,"20.2"
"728","ACT","public","20","2","m",4,"20.2"
"729","ACT","public","20","2","m",8,"20.2"
"730","ACT","public","20","2","m",3,"20.2"
"731","ACT","public","20","2","m",5,"20.2"
"732","ACT","public","20","2","m",6,"20.2"
"734","ACT","public","20","2","m",5,"20.2"
"735","ACT","public","20","2","m",6,"20.2"
"736","ACT","public","20","2","m",6,"20.2"
"737","ACT","public","20","2","m",7,"20.2"
"739","ACT","public","21","1","f",5,"21.1"
"740","ACT","public","21","1","f",3,"21.1"
"741","ACT","public","21","1","f",3,"21.1"
"742","ACT","public","21","1","f",5,"21.1"
"743","ACT","public","21","1","f",4,"21.1"
"744","ACT","public","21","1","f",2,"21.1"
"745","ACT","public","21","1","f",5,"21.1"
"746","ACT","public","21","1","f",4,"21.1"
"747","ACT","public","21","1","f",4,"21.1"
"748","ACT","public","21","1","f",5,"21.1"
"749","ACT","public","21","1","f",5,"21.1"
"750","ACT","public","21","1","f",3,"21.1"
"751","ACT","public","21","1","f",4,"21.1"
"752","ACT","public","21","1","f",6,"21.1"
"753","ACT","public","21","1","m",4,"21.1"
"754","ACT","public","21","1","m",3,"21.1"
"755","ACT","public","21","1","m",5,"21.1"
"756","ACT","public","21","1","m",4,"21.1"
"757","ACT","public","21","1","m",7,"21.1"
"758","ACT","public","21","1","m",6,"21.1"
"759","ACT","public","21","1","m",3,"21.1"
"760","ACT","public","21","1","m",8,"21.1"
"761","ACT","public","21","1","m",8,"21.1"
"762","ACT","public","21","1","m",6,"21.1"
"763","ACT","public","21","1","m",1,"21.1"
"764","ACT","public","21","1","m",1,"21.1"
"765","ACT","public","21","1","m",6,"21.1"
"768","ACT","public","21","1","m",8,"21.1"
"770","ACT","public","21","1","m",5,"21.1"
"771","ACT","public","21","1","m",6,"21.1"
"772","ACT","public","21","1","m",1,"21.1"
"773","ACT","public","21","1","m",8,"21.1"
"774","ACT","public","21","1","m",4,"21.1"
"775","ACT","public","21","1","m",5,"21.1"
"776","ACT","public","21","1","m",6,"21.1"
"777","ACT","public","21","1","m",3,"21.1"
"778","ACT","public","21","1","m",6,"21.1"
"779","ACT","public","21","1","m",6,"21.1"
"781","ACT","public","21","1","m",4,"21.1"
"782","ACT","public","21","1","m",6,"21.1"
"783","ACT","public","21","1","m",1,"21.1"
"784","ACT","public","21","1","m",1,"21.1"
"786","ACT","public","22","1","f",3,"22.1"
"787","ACT","public","22","1","f",5,"22.1"
"788","ACT","public","22","1","f",6,"22.1"
"789","ACT","public","22","1","f",6,"22.1"
"790","ACT","public","22","1","f",8,"22.1"
"791","ACT","public","22","1","m",3,"22.1"
"792","ACT","public","22","1","m",5,"22.1"
"793","ACT","public","22","1","m",4,"22.1"
"794","ACT","public","22","1","m",6,"22.1"
"795","ACT","public","22","1","m",8,"22.1"
"796","ACT","public","22","1","m",3,"22.1"
"797","ACT","public","22","1","m",8,"22.1"
"798","ACT","public","22","1","m",4,"22.1"
"799","ACT","public","22","1","m",8,"22.1"
"800","ACT","public","22","1","m",6,"22.1"
"801","ACT","public","22","1","m",3,"22.1"
"803","ACT","private","23","1","m",4,"23.1"
"804","ACT","private","23","1","m",5,"23.1"
"805","ACT","private","23","1","m",1,"23.1"
"806","ACT","private","23","1","m",1,"23.1"
"809","ACT","private","23","1","m",3,"23.1"
"810","ACT","private","23","1","m",7,"23.1"
"811","ACT","private","23","1","m",2,"23.1"
"812","ACT","private","23","1","m",1,"23.1"
"815","ACT","private","23","1","m",1,"23.1"
"816","ACT","private","23","1","m",1,"23.1"
"818","ACT","private","23","1","m",4,"23.1"
"819","ACT","private","23","1","m",2,"23.1"
"820","ACT","private","23","1","m",8,"23.1"
"821","ACT","private","23","1","m",1,"23.1"
"822","ACT","private","23","1","m",2,"23.1"
"823","ACT","private","23","1","m",6,"23.1"
"824","ACT","private","23","1","m",1,"23.1"
"825","ACT","private","23","1","m",3,"23.1"
"826","ACT","private","23","1","m",1,"23.1"
"827","ACT","private","23","2","m",6,"23.2"
"828","ACT","private","23","2","m",4,"23.2"
"829","ACT","private","23","2","m",6,"23.2"
"830","ACT","private","23","2","m",5,"23.2"
"831","ACT","private","23","2","m",8,"23.2"
"832","ACT","private","23","2","m",5,"23.2"
"833","ACT","private","23","2","m",4,"23.2"
"834","ACT","private","23","2","m",5,"23.2"
"835","ACT","private","23","2","m",3,"23.2"
"836","ACT","private","23","2","m",4,"23.2"
"837","ACT","private","23","2","m",6,"23.2"
"838","ACT","private","23","2","m",5,"23.2"
"839","ACT","private","23","2","m",7,"23.2"
"840","ACT","private","23","2","m",6,"23.2"
"841","ACT","private","23","2","m",8,"23.2"
"842","ACT","private","23","2","m",6,"23.2"
"844","ACT","private","23","2","m",7,"23.2"
"845","ACT","private","23","2","m",5,"23.2"
"846","ACT","private","23","2","m",6,"23.2"
"848","ACT","private","23","2","m",8,"23.2"
"849","ACT","private","23","2","m",5,"23.2"
"850","ACT","private","23","2","m",6,"23.2"
"851","ACT","private","23","2","m",6,"23.2"
"852","ACT","private","23","3","m",4,"23.3"
"853","ACT","private","23","3","m",6,"23.3"
"854","ACT","private","23","3","m",8,"23.3"
"855","ACT","private","23","3","m",4,"23.3"
"856","ACT","private","23","3","m",6,"23.3"
"857","ACT","private","23","3","m",6,"23.3"
"859","ACT","private","23","3","m",1,"23.3"
"860","ACT","private","23","3","m",1,"23.3"
"861","ACT","private","23","3","m",4,"23.3"
"862","ACT","private","23","3","m",7,"23.3"
"863","ACT","private","23","3","m",6,"23.3"
"864","ACT","private","23","3","m",8,"23.3"
"865","ACT","private","23","3","m",3,"23.3"
"866","ACT","private","23","3","m",6,"23.3"
"868","ACT","private","23","3","m",5,"23.3"
"869","ACT","private","23","3","m",4,"23.3"
"870","ACT","private","23","3","m",6,"23.3"
"871","ACT","private","23","3","m",1,"23.3"
"872","ACT","private","23","3","m",8,"23.3"
"873","ACT","private","23","3","m",6,"23.3"
"875","ACT","private","23","3","m",3,"23.3"
"876","ACT","private","23","3","m",5,"23.3"
"877","ACT","private","23","4","m",3,"23.4"
"878","ACT","private","23","4","m",6,"23.4"
"879","ACT","private","23","4","m",1,"23.4"
"880","ACT","private","23","4","m",5,"23.4"
"881","ACT","private","23","4","m",4,"23.4"
"882","ACT","private","23","4","m",5,"23.4"
"883","ACT","private","23","4","m",4,"23.4"
"884","ACT","private","23","4","m",3,"23.4"
"885","ACT","private","23","4","m",6,"23.4"
"887","ACT","private","23","4","m",3,"23.4"
"888","ACT","private","23","4","m",4,"23.4"
"889","ACT","private","23","4","m",5,"23.4"
"890","ACT","private","23","4","m",4,"23.4"
"891","ACT","private","23","4","m",2,"23.4"
"892","ACT","private","23","4","m",1,"23.4"
"893","ACT","private","23","4","m",8,"23.4"
"894","ACT","private","23","4","m",4,"23.4"
"895","ACT","private","23","4","m",6,"23.4"
"896","ACT","private","23","4","m",6,"23.4"
"897","ACT","private","23","4","m",5,"23.4"
"898","ACT","private","23","4","m",6,"23.4"
"899","ACT","private","23","4","m",8,"23.4"
"900","ACT","private","23","4","m",6,"23.4"
"901","ACT","public","24","1","f",5,"24.1"
"902","ACT","public","24","1","f",4,"24.1"
"903","ACT","public","24","1","f",6,"24.1"
"904","ACT","public","24","1","f",6,"24.1"
"906","ACT","public","24","1","f",2,"24.1"
"907","ACT","public","24","1","f",4,"24.1"
"908","ACT","public","24","1","f",3,"24.1"
"909","ACT","public","24","1","f",8,"24.1"
"910","ACT","public","24","1","f",6,"24.1"
"911","ACT","public","24","1","f",2,"24.1"
"912","ACT","public","24","1","f",4,"24.1"
"913","ACT","public","24","1","f",6,"24.1"
"914","ACT","public","24","1","f",6,"24.1"
"915","ACT","public","24","1","f",6,"24.1"
"917","ACT","public","24","1","m",6,"24.1"
"918","ACT","public","24","1","m",6,"24.1"
"919","ACT","public","24","1","m",8,"24.1"
"920","ACT","public","24","1","m",5,"24.1"
"921","ACT","public","24","1","m",4,"24.1"
"922","ACT","public","24","1","m",6,"24.1"
"923","ACT","public","24","1","m",6,"24.1"
"924","ACT","public","24","1","m",3,"24.1"
"926","ACT","public","24","1","m",2,"24.1"
"927","ACT","public","24","1","m",8,"24.1"
"929","ACT","public","24","1","m",4,"24.1"
"930","ACT","public","24","1","m",6,"24.1"
"931","ACT","public","24","1","m",6,"24.1"
"933","ACT","public","24","1","m",7,"24.1"
"934","ACT","public","24","1","m",3,"24.1"
"935","ACT","public","25","1","f",4,"25.1"
"937","ACT","public","25","1","f",6,"25.1"
"938","ACT","public","25","1","f",7,"25.1"
"940","ACT","public","25","1","f",8,"25.1"
"941","ACT","public","25","1","f",5,"25.1"
"942","ACT","public","25","1","f",8,"25.1"
"943","ACT","public","25","1","f",6,"25.1"
"944","ACT","public","25","1","f",7,"25.1"
"945","ACT","public","25","1","f",6,"25.1"
"946","ACT","public","25","1","f",4,"25.1"
"947","ACT","public","25","1","f",6,"25.1"
"948","ACT","public","25","1","m",2,"25.1"
"949","ACT","public","25","1","m",6,"25.1"
"951","ACT","public","25","1","m",6,"25.1"
"952","ACT","public","25","1","m",6,"25.1"
"953","ACT","public","25","1","m",1,"25.1"
"954","ACT","public","25","1","m",7,"25.1"
"955","ACT","public","25","1","m",6,"25.1"
"956","ACT","public","25","1","m",4,"25.1"
"958","ACT","public","25","1","m",6,"25.1"
"959","ACT","public","25","1","m",6,"25.1"
"960","ACT","public","25","1","m",8,"25.1"
"961","ACT","public","25","1","m",8,"25.1"
"962","ACT","public","25","1","m",1,"25.1"
"963","ACT","public","25","1","m",6,"25.1"
"964","ACT","public","25","1","m",5,"25.1"
"965","ACT","public","25","1","m",5,"25.1"
"966","ACT","public","25","1","m",3,"25.1"
"967","ACT","public","25","1","m",6,"25.1"
"968","ACT","public","25","1","m",8,"25.1"
"969","ACT","public","25","1","m",3,"25.1"
"971","ACT","public","26","1","f",2,"26.1"
"972","ACT","public","26","1","f",6,"26.1"
"973","ACT","public","26","1","f",5,"26.1"
"974","ACT","public","26","1","f",6,"26.1"
"975","ACT","public","26","1","f",4,"26.1"
"976","ACT","public","26","1","f",6,"26.1"
"977","ACT","public","26","1","f",2,"26.1"
"978","ACT","public","26","1","m",4,"26.1"
"980","ACT","public","26","1","m",6,"26.1"
"981","ACT","public","26","1","m",7,"26.1"
"982","ACT","public","26","1","m",7,"26.1"
"983","ACT","public","26","1","m",5,"26.1"
"984","ACT","public","26","1","m",3,"26.1"
"985","ACT","public","26","2","f",8,"26.2"
"986","ACT","public","26","2","f",7,"26.2"
"987","ACT","public","26","2","f",3,"26.2"
"988","ACT","public","26","2","f",6,"26.2"
"989","ACT","public","26","2","f",1,"26.2"
"990","ACT","public","26","2","f",3,"26.2"
"992","ACT","public","26","2","f",7,"26.2"
"993","ACT","public","26","2","f",4,"26.2"
"994","ACT","public","26","2","f",4,"26.2"
"995","ACT","public","26","2","m",6,"26.2"
"996","ACT","public","26","2","m",5,"26.2"
"998","ACT","public","26","2","m",5,"26.2"
"999","ACT","public","27","1","f",7,"27.1"
"1000","ACT","public","27","1","f",7,"27.1"
"1001","ACT","public","27","1","f",3,"27.1"
"1002","ACT","public","27","1","f",6,"27.1"
"1003","ACT","public","27","1","f",6,"27.1"
"1005","ACT","public","27","1","m",6,"27.1"
"1007","ACT","public","27","2","f",5,"27.2"
"1009","ACT","public","27","2","f",6,"27.2"
"1010","ACT","public","27","2","f",6,"27.2"
"1011","ACT","public","27","2","f",5,"27.2"
"1012","ACT","public","27","2","f",4,"27.2"
"1013","ACT","public","27","2","f",6,"27.2"
"1014","ACT","public","27","2","f",6,"27.2"
"1015","ACT","public","27","2","m",6,"27.2"
"1017","ACT","public","27","2","m",3,"27.2"
"1018","ACT","public","27","2","m",1,"27.2"
"1019","ACT","public","27","2","m",2,"27.2"
"1020","ACT","public","27","2","m",7,"27.2"
"1021","ACT","public","27","2","m",3,"27.2"
"1022","ACT","public","27","2","m",1,"27.2"
"1023","ACT","public","27","2","m",4,"27.2"
"1024","ACT","public","27","2","m",6,"27.2"
"1025","ACT","public","28","1","f",7,"28.1"
"1026","ACT","public","28","1","f",4,"28.1"
"1027","ACT","public","28","1","f",7,"28.1"
"1028","ACT","public","28","1","f",7,"28.1"
"1029","ACT","public","28","1","m",6,"28.1"
"1030","ACT","public","28","1","m",4,"28.1"
"1031","ACT","public","28","1","m",4,"28.1"
"1032","ACT","public","28","1","m",3,"28.1"
"1033","ACT","public","28","1","m",6,"28.1"
"1034","ACT","public","28","1","m",7,"28.1"
"1035","ACT","public","28","2","f",6,"28.2"
"1036","ACT","public","28","2","f",6,"28.2"
"1037","ACT","public","28","2","f",8,"28.2"
"1038","ACT","public","28","2","f",6,"28.2"
"1039","ACT","public","28","2","f",6,"28.2"
"1040","ACT","public","28","2","f",3,"28.2"
"1041","ACT","public","28","2","f",4,"28.2"
"1042","ACT","public","28","2","f",7,"28.2"
"1044","ACT","public","28","2","f",7,"28.2"
"1045","ACT","public","28","2","m",6,"28.2"
"1047","ACT","public","28","2","m",4,"28.2"
"1048","ACT","public","28","2","m",8,"28.2"
"1049","ACT","public","28","2","m",6,"28.2"
"1050","ACT","public","28","2","m",5,"28.2"
"1051","ACT","public","29","1","f",6,"29.1"
"1052","ACT","public","29","1","f",6,"29.1"
"1053","ACT","public","29","1","f",5,"29.1"
"1054","ACT","public","29","1","f",4,"29.1"
"1055","ACT","public","29","1","m",1,"29.1"
"1056","ACT","public","29","1","m",6,"29.1"
"1058","ACT","public","29","1","m",3,"29.1"
"1059","ACT","public","29","2","f",7,"29.2"
"1060","ACT","public","29","2","f",6,"29.2"
"1061","ACT","public","29","2","f",6,"29.2"
"1062","ACT","public","29","2","f",4,"29.2"
"1064","ACT","public","29","2","m",8,"29.2"
"1065","ACT","public","29","2","m",6,"29.2"
"1066","ACT","public","29","2","m",5,"29.2"
"1067","ACT","public","29","2","m",6,"29.2"
"1068","ACT","public","29","2","m",8,"29.2"
"1069","ACT","public","29","2","m",3,"29.2"
"1071","ACT","public","29","3","f",5,"29.3"
"1072","ACT","public","29","3","f",7,"29.3"
"1073","ACT","public","29","3","f",6,"29.3"
"1074","ACT","public","29","3","f",4,"29.3"
"1075","ACT","public","29","3","f",4,"29.3"
"1076","ACT","public","29","3","m",7,"29.3"
"1077","ACT","public","29","3","m",4,"29.3"
"1078","ACT","public","29","3","m",6,"29.3"
"1079","ACT","public","29","3","m",7,"29.3"
"1080","ACT","public","29","3","m",6,"29.3"
"1081","ACT","public","29","3","m",6,"29.3"
"1083","ACT","public","30","1","f",3,"30.1"
"1084","ACT","public","30","1","f",5,"30.1"
"1085","ACT","public","30","1","f",8,"30.1"
"1087","ACT","public","30","1","f",4,"30.1"
"1089","ACT","public","30","1","f",2,"30.1"
"1090","ACT","public","30","1","f",6,"30.1"
"1091","ACT","public","30","1","f",4,"30.1"
"1092","ACT","public","30","1","f",6,"30.1"
"1093","ACT","public","30","1","f",5,"30.1"
"1094","ACT","public","30","1","f",6,"30.1"
"1095","ACT","public","30","1","f",4,"30.1"
"1096","ACT","public","30","1","f",6,"30.1"
"1097","ACT","public","30","1","f",3,"30.1"
"1099","ACT","public","30","1","m",5,"30.1"
"1100","ACT","public","30","1","m",1,"30.1"
"1101","ACT","public","30","1","m",4,"30.1"
"1102","ACT","public","30","1","m",5,"30.1"
"1103","ACT","public","30","1","m",4,"30.1"
"1104","ACT","public","30","1","m",3,"30.1"
"1105","ACT","public","30","1","m",5,"30.1"
"1106","ACT","public","30","1","m",4,"30.1"
"1107","ACT","public","30","1","m",5,"30.1"
"1108","ACT","public","30","2","f",8,"30.2"
"1109","ACT","public","30","2","f",4,"30.2"
"1110","ACT","public","30","2","f",8,"30.2"
"1111","ACT","public","30","2","f",7,"30.2"
"1112","ACT","public","30","2","f",3,"30.2"
"1113","ACT","public","30","2","f",6,"30.2"
"1114","ACT","public","30","2","f",6,"30.2"
"1116","ACT","public","30","2","f",4,"30.2"
"1117","ACT","public","30","2","f",6,"30.2"
"1118","ACT","public","30","2","f",7,"30.2"
"1119","ACT","public","30","2","f",4,"30.2"
"1121","ACT","public","30","2","m",8,"30.2"
"1122","ACT","public","30","2","m",3,"30.2"
"1123","ACT","public","30","2","m",7,"30.2"
"1124","ACT","public","30","2","m",7,"30.2"
"1125","ACT","public","30","2","m",6,"30.2"
"1126","ACT","public","30","2","m",5,"30.2"
"1127","ACT","public","30","2","m",8,"30.2"
"1128","ACT","public","30","2","m",5,"30.2"
"1130","ACT","public","30","2","m",5,"30.2"
"1131","ACT","public","30","2","m",6,"30.2"
"1132","ACT","public","30","2","m",6,"30.2"
"1134","ACT","public","30","2","m",5,"30.2"
"1136","ACT","private","31","1","f",7,"31.1"
"1137","ACT","private","31","1","f",8,"31.1"
"1138","ACT","private","31","1","f",6,"31.1"
"1139","ACT","private","31","1","f",6,"31.1"
"1140","ACT","private","31","1","f",4,"31.1"
"1141","ACT","private","31","1","f",5,"31.1"
"1143","ACT","private","31","1","f",2,"31.1"
"1144","ACT","private","31","1","f",6,"31.1"
"1145","ACT","private","31","1","f",4,"31.1"
"1146","ACT","private","31","1","f",6,"31.1"
"1147","ACT","private","31","1","f",6,"31.1"
"1148","ACT","private","31","1","m",6,"31.1"
"1149","ACT","private","31","1","m",4,"31.1"
"1151","ACT","private","31","1","m",6,"31.1"
"1153","ACT","private","31","1","m",5,"31.1"
"1154","ACT","private","31","1","m",6,"31.1"
"1155","ACT","private","31","1","m",4,"31.1"
"1156","ACT","private","31","1","m",5,"31.1"
"1157","ACT","private","31","1","m",7,"31.1"
"1158","ACT","private","31","1","m",8,"31.1"
"1159","ACT","private","31","1","m",4,"31.1"
"1160","ACT","private","31","1","m",6,"31.1"
"1161","ACT","private","31","1","m",7,"31.1"
"1162","ACT","private","31","1","m",3,"31.1"
"1163","ACT","private","31","1","m",4,"31.1"
"1164","ACT","private","31","1","m",7,"31.1"
"1165","ACT","private","31","1","m",3,"31.1"
"1167","ACT","private","31","2","f",4,"31.2"
"1168","ACT","private","31","2","f",5,"31.2"
"1169","ACT","private","31","2","f",6,"31.2"
"1170","ACT","private","31","2","f",8,"31.2"
"1171","ACT","private","31","2","f",6,"31.2"
"1172","ACT","private","31","2","f",6,"31.2"
"1173","ACT","private","31","2","f",5,"31.2"
"1175","ACT","private","31","2","f",6,"31.2"
"1176","ACT","private","31","2","f",8,"31.2"
"1177","ACT","private","31","2","f",4,"31.2"
"1178","ACT","private","31","2","m",6,"31.2"
"1179","ACT","private","31","2","m",5,"31.2"
"1180","ACT","private","31","2","m",5,"31.2"
"1181","ACT","private","31","2","m",7,"31.2"
"1182","ACT","private","31","2","m",5,"31.2"
"1183","ACT","private","31","2","m",6,"31.2"
"1184","ACT","private","31","2","m",4,"31.2"
"1185","ACT","private","31","2","m",6,"31.2"
"1186","ACT","private","31","2","m",6,"31.2"
"1187","ACT","private","31","2","m",5,"31.2"
"1188","ACT","private","31","2","m",2,"31.2"
"1189","ACT","private","31","2","m",7,"31.2"
"1190","ACT","private","31","2","m",4,"31.2"
"1191","ACT","private","32","1","f",4,"32.1"
"1192","ACT","private","32","1","f",4,"32.1"
"1193","ACT","private","32","1","f",1,"32.1"
"1194","ACT","private","32","1","f",4,"32.1"
"1195","ACT","private","32","1","f",7,"32.1"
"1196","ACT","private","32","1","f",4,"32.1"
"1197","ACT","private","32","1","f",7,"32.1"
"1198","ACT","private","32","1","f",4,"32.1"
"1199","ACT","private","32","1","f",6,"32.1"
"1200","ACT","private","32","1","f",4,"32.1"
"1201","ACT","private","32","1","f",4,"32.1"
"1202","ACT","private","32","1","f",4,"32.1"
"1203","ACT","private","32","1","f",1,"32.1"
"1204","ACT","private","32","1","f",4,"32.1"
"1205","ACT","private","32","1","f",7,"32.1"
"1206","ACT","private","32","1","f",4,"32.1"
"1207","ACT","private","32","1","f",7,"32.1"
"1208","ACT","private","32","1","f",4,"32.1"
"1209","ACT","private","32","1","f",6,"32.1"
"1210","ACT","private","32","1","f",4,"32.1"
"1211","ACT","private","32","1","m",6,"32.1"
"1212","ACT","private","32","1","m",5,"32.1"
"1213","ACT","private","32","1","m",6,"32.1"
"1214","ACT","private","32","1","m",5,"32.1"
"1215","ACT","private","32","1","m",1,"32.1"
"1216","ACT","private","32","1","m",1,"32.1"
"1217","ACT","private","32","1","m",6,"32.1"
"1218","ACT","private","32","1","m",5,"32.1"
"1219","ACT","private","32","1","m",6,"32.1"
"1220","ACT","private","32","1","m",5,"32.1"
"1221","ACT","private","32","1","m",1,"32.1"
"1222","ACT","private","32","1","m",1,"32.1"
"1223","ACT","private","32","1","f",6,"32.1"
"1224","ACT","private","32","1","f",6,"32.1"
"1225","ACT","private","33","1","f",8,"33.1"
"1226","ACT","private","33","1","f",4,"33.1"
"1227","ACT","private","33","1","f",5,"33.1"
"1229","ACT","private","33","1","f",5,"33.1"
"1230","ACT","private","33","1","f",6,"33.1"
"1232","ACT","private","33","1","f",6,"33.1"
"1233","ACT","private","33","1","f",5,"33.1"
"1234","ACT","private","33","1","f",3,"33.1"
"1235","ACT","private","33","1","f",5,"33.1"
"1236","ACT","private","33","1","f",3,"33.1"
"1237","ACT","private","33","1","f",4,"33.1"
"1238","ACT","private","33","1","f",4,"33.1"
"1239","ACT","private","33","1","f",4,"33.1"
"1240","ACT","private","33","1","f",7,"33.1"
"1241","ACT","private","33","1","f",5,"33.1"
"1242","ACT","private","33","1","f",6,"33.1"
"1243","ACT","private","33","1","f",3,"33.1"
"1244","ACT","private","33","1","f",4,"33.1"
"1247","ACT","private","33","1","f",4,"33.1"
"1248","ACT","private","33","1","f",3,"33.1"
"1249","ACT","private","33","1","f",6,"33.1"
"1251","ACT","private","33","1","f",4,"33.1"
"1252","ACT","private","33","1","m",6,"33.1"
"1253","ACT","private","33","1","m",8,"33.1"
"1254","ACT","private","33","1","m",4,"33.1"
"1255","ACT","private","33","1","m",6,"33.1"
"1256","ACT","private","33","1","m",7,"33.1"
"1257","ACT","private","33","1","m",3,"33.1"
"1258","ACT","private","33","1","m",4,"33.1"
"1259","ACT","private","34","1","f",1,"34.1"
"1260","ACT","private","34","1","f",6,"34.1"
"1261","ACT","private","34","1","f",5,"34.1"
"1262","ACT","private","34","1","f",7,"34.1"
"1263","ACT","private","34","1","f",5,"34.1"
"1264","ACT","private","34","1","f",7,"34.1"
"1265","ACT","private","34","1","f",4,"34.1"
"1266","ACT","private","34","1","f",5,"34.1"
"1267","ACT","private","34","1","f",4,"34.1"
"1268","ACT","private","34","1","f",3,"34.1"
"1269","ACT","private","34","1","f",6,"34.1"
"1270","ACT","private","34","1","f",3,"34.1"
"1271","ACT","private","34","1","m",8,"34.1"
"1273","ACT","private","35","1","f",5,"35.1"
"1274","ACT","private","35","1","f",8,"35.1"
"1275","ACT","private","35","1","f",7,"35.1"
"1276","ACT","private","35","1","f",8,"35.1"
"1277","ACT","private","35","1","f",6,"35.1"
"1279","ACT","private","35","1","f",4,"35.1"
"1280","ACT","private","35","1","f",3,"35.1"
"1281","ACT","private","35","1","f",6,"35.1"
"1282","ACT","private","35","1","f",6,"35.1"
"1283","ACT","private","35","1","f",4,"35.1"
"1285","ACT","private","35","1","f",5,"35.1"
"1289","ACT","private","35","1","m",7,"35.1"
"1290","ACT","private","35","1","m",7,"35.1"
"1291","ACT","private","35","1","m",4,"35.1"
"1292","ACT","private","35","1","m",6,"35.1"
"1294","ACT","private","36","1","f",1,"36.1"
"1295","ACT","private","36","1","f",5,"36.1"
"1296","ACT","private","36","1","f",1,"36.1"
"1297","ACT","private","36","1","f",2,"36.1"
"1298","ACT","private","36","1","f",3,"36.1"
"1299","ACT","private","36","1","f",4,"36.1"
"1300","ACT","private","36","1","f",5,"36.1"
"1301","ACT","private","36","1","f",1,"36.1"
"1302","ACT","private","36","1","f",4,"36.1"
"1303","ACT","private","36","1","f",8,"36.1"
"1304","ACT","private","36","1","f",3,"36.1"
"1305","ACT","private","36","1","f",4,"36.1"
"1306","ACT","private","36","1","f",2,"36.1"
"1307","ACT","private","36","1","f",8,"36.1"
"1308","ACT","private","36","1","f",5,"36.1"
"1309","ACT","private","36","1","f",3,"36.1"
"1310","ACT","private","36","1","f",3,"36.1"
"1311","ACT","private","36","1","f",3,"36.1"
"1312","ACT","private","36","1","f",6,"36.1"
"1313","ACT","private","36","1","f",5,"36.1"
"1314","ACT","private","36","1","f",2,"36.1"
"1315","ACT","private","36","1","f",5,"36.1"
"1316","ACT","private","36","1","f",5,"36.1"
"1317","ACT","private","36","1","m",1,"36.1"
"1318","ACT","private","36","1","m",3,"36.1"
"1319","ACT","private","36","1","m",1,"36.1"
"1320","ACT","private","36","1","m",1,"36.1"
"1321","ACT","private","36","1","m",1,"36.1"
"1322","ACT","private","36","1","m",4,"36.1"
"1323","ACT","private","36","1","m",4,"36.1"
"1324","ACT","private","36","1","m",4,"36.1"
"1326","ACT","private","36","1","m",5,"36.1"
"1327","ACT","private","36","1","m",1,"36.1"
"1329","ACT","private","36","1","m",3,"36.1"
"1330","ACT","private","36","1","m",5,"36.1"
"1331","ACT","private","36","1","m",7,"36.1"
"1332","ACT","private","36","1","m",7,"36.1"
"1333","ACT","private","36","2","f",4,"36.2"
"1334","ACT","private","36","2","f",6,"36.2"
"1335","ACT","private","36","2","f",1,"36.2"
"1336","ACT","private","36","2","f",4,"36.2"
"1337","ACT","private","36","2","f",4,"36.2"
"1338","ACT","private","36","2","f",8,"36.2"
"1339","ACT","private","36","2","f",6,"36.2"
"1340","ACT","private","36","2","f",5,"36.2"
"1341","ACT","private","36","2","f",6,"36.2"
"1342","ACT","private","36","2","f",8,"36.2"
"1343","ACT","private","36","2","f",8,"36.2"
"1344","ACT","private","36","2","f",6,"36.2"
"1345","ACT","private","36","2","f",3,"36.2"
"1346","ACT","private","36","2","f",5,"36.2"
"1347","ACT","private","36","2","f",3,"36.2"
"1348","ACT","private","36","2","f",2,"36.2"
"1349","ACT","private","36","2","f",3,"36.2"
"1350","ACT","private","36","2","f",4,"36.2"
"1351","ACT","private","36","2","f",4,"36.2"
"1352","ACT","private","36","2","f",7,"36.2"
"1353","ACT","private","36","2","f",8,"36.2"
"1354","ACT","private","36","2","f",7,"36.2"
"1355","ACT","private","36","2","f",6,"36.2"
"1356","ACT","private","36","2","f",4,"36.2"
"1358","ACT","private","36","2","f",6,"36.2"
"1359","ACT","private","36","2","f",4,"36.2"
"1360","ACT","private","36","2","f",4,"36.2"
"1361","ACT","private","36","2","f",6,"36.2"
"1362","ACT","private","36","2","f",4,"36.2"
"1363","ACT","private","36","2","f",6,"36.2"
"1364","ACT","private","36","2","f",3,"36.2"
"1365","ACT","private","36","2","f",8,"36.2"
"1366","ACT","private","36","2","m",6,"36.2"
"1367","ACT","private","36","2","m",3,"36.2"
"1369","ACT","private","36","2","m",6,"36.2"
"1370","ACT","private","36","2","m",4,"36.2"
"1371","ACT","private","36","2","m",1,"36.2"
"1372","ACT","private","36","2","m",6,"36.2"
"1373","ACT","private","36","2","m",6,"36.2"
"1374","ACT","private","36","2","m",6,"36.2"
"1376","ACT","private","36","2","m",8,"36.2"
"1377","ACT","private","36","2","m",8,"36.2"
"1378","ACT","private","36","2","m",6,"36.2"
"1379","ACT","private","36","2","m",6,"36.2"
"1380","ACT","private","36","3","f",3,"36.3"
"1381","ACT","private","36","3","f",2,"36.3"
"1382","ACT","private","36","3","f",7,"36.3"
"1383","ACT","private","36","3","f",4,"36.3"
"1386","ACT","private","36","3","f",3,"36.3"
"1387","ACT","private","36","3","f",3,"36.3"
"1388","ACT","private","36","3","f",8,"36.3"
"1390","ACT","private","36","3","f",8,"36.3"
"1391","ACT","private","36","3","f",4,"36.3"
"1392","ACT","private","36","3","f",3,"36.3"
"1393","ACT","private","36","3","m",6,"36.3"
"1394","ACT","private","36","3","m",6,"36.3"
"1397","ACT","private","36","3","m",5,"36.3"
"1398","ACT","private","36","3","m",7,"36.3"
"1399","ACT","private","36","3","m",5,"36.3"
"1401","ACT","private","36","3","m",6,"36.3"
"1403","ACT","private","36","3","m",8,"36.3"
"1404","ACT","private","36","3","m",5,"36.3"
"1405","ACT","private","36","3","m",6,"36.3"
"1407","ACT","private","36","3","m",6,"36.3"
"1408","ACT","private","36","3","m",7,"36.3"
"1409","ACT","private","36","4","f",6,"36.4"
"1410","ACT","private","36","4","f",6,"36.4"
"1411","ACT","private","36","4","f",4,"36.4"
"1412","ACT","private","36","4","f",4,"36.4"
"1413","ACT","private","36","4","f",6,"36.4"
"1414","ACT","private","36","4","f",6,"36.4"
"1415","ACT","private","36","4","f",5,"36.4"
"1416","ACT","private","36","4","f",6,"36.4"
"1417","ACT","private","36","4","f",5,"36.4"
"1418","ACT","private","36","4","f",5,"36.4"
"1419","ACT","private","36","4","f",2,"36.4"
"1421","ACT","private","36","4","m",4,"36.4"
"1422","ACT","private","36","4","m",6,"36.4"
"1423","ACT","private","36","4","m",6,"36.4"
"1424","ACT","private","36","4","m",6,"36.4"
"1425","ACT","private","36","4","m",6,"36.4"
"1426","ACT","private","36","4","m",8,"36.4"
"1427","ACT","private","36","4","m",8,"36.4"
"1428","ACT","private","36","4","m",8,"36.4"
"1430","ACT","private","36","4","m",6,"36.4"
"1431","ACT","private","36","4","m",5,"36.4"
"1432","ACT","private","37","1","f",1,"37.1"
"1433","ACT","private","37","1","f",4,"37.1"
"1434","ACT","private","37","1","f",1,"37.1"
"1436","ACT","private","38","1","f",6,"38.1"
"1437","ACT","private","38","1","f",3,"38.1"
"1438","ACT","private","38","1","f",1,"38.1"
"1440","ACT","private","38","1","f",6,"38.1"
"1441","ACT","private","38","1","f",1,"38.1"
"1442","ACT","private","38","1","f",4,"38.1"
"1443","ACT","private","38","1","f",6,"38.1"
"1444","ACT","private","38","1","f",6,"38.1"
"1445","ACT","private","38","1","f",6,"38.1"
"1446","ACT","private","38","1","f",6,"38.1"
"1447","ACT","private","38","1","m",2,"38.1"
"1449","ACT","private","38","1","m",1,"38.1"
"1450","ACT","private","38","1","m",4,"38.1"
"1451","ACT","private","38","1","m",5,"38.1"
"1452","ACT","private","38","1","m",4,"38.1"
"1453","ACT","private","38","1","m",4,"38.1"
"1454","ACT","private","38","1","m",6,"38.1"
"1456","ACT","private","38","1","m",3,"38.1"
"1457","ACT","private","38","1","m",6,"38.1"
"1458","ACT","private","38","1","m",3,"38.1"
"1459","ACT","private","38","1","m",5,"38.1"
"1461","ACT","private","39","1","f",6,"39.1"
"1462","ACT","private","39","1","f",6,"39.1"
"1464","ACT","private","39","1","f",5,"39.1"
"1465","ACT","private","39","1","f",4,"39.1"
"1466","ACT","private","39","1","f",4,"39.1"
"1467","ACT","private","39","1","f",4,"39.1"
"1468","ACT","private","39","1","f",4,"39.1"
"1469","ACT","private","39","1","f",6,"39.1"
"1471","ACT","private","39","1","f",4,"39.1"
"1472","ACT","private","39","1","f",4,"39.1"
"1473","ACT","private","39","1","f",7,"39.1"
"1474","ACT","private","39","1","f",6,"39.1"
"1475","ACT","private","39","1","f",8,"39.1"
"1476","ACT","private","39","1","f",3,"39.1"
"1477","ACT","private","39","1","f",6,"39.1"
"1478","ACT","private","39","1","f",5,"39.1"
"1479","ACT","private","39","1","f",5,"39.1"
"1480","ACT","private","39","1","m",6,"39.1"
"1481","ACT","private","39","1","m",6,"39.1"
"1482","ACT","private","39","1","m",6,"39.1"
"1483","ACT","private","39","1","m",6,"39.1"
"1484","ACT","private","39","1","m",5,"39.1"
"1486","ACT","private","39","1","m",7,"39.1"
"1487","ACT","private","39","1","m",6,"39.1"
"1489","ACT","private","39","1","m",4,"39.1"
"1490","ACT","private","39","1","m",4,"39.1"
"1491","ACT","private","39","1","m",3,"39.1"
"1492","ACT","private","39","1","m",8,"39.1"
"1493","NSW","private","40","1","f",6,"40.1"
"1494","NSW","private","40","1","f",4,"40.1"
"1495","NSW","private","40","1","f",7,"40.1"
"1496","NSW","private","40","1","f",6,"40.1"
"1497","NSW","private","40","1","f",6,"40.1"
"1498","NSW","private","40","1","m",3,"40.1"
"1499","NSW","private","40","1","m",5,"40.1"
"1500","NSW","private","40","1","m",4,"40.1"
"1501","NSW","private","40","1","m",8,"40.1"
"1503","NSW","private","41","1","f",5,"41.1"
"1504","NSW","private","41","1","f",3,"41.1"
"1505","NSW","private","41","1","f",5,"41.1"
"1506","NSW","private","41","1","f",4,"41.1"
"1507","NSW","private","41","1","f",5,"41.1"
"1508","NSW","private","41","1","f",4,"41.1"
"1509","NSW","private","41","1","f",4,"41.1"
"1510","NSW","private","41","1","f",5,"41.1"
"1511","NSW","private","41","1","f",5,"41.1"
"1513","NSW","private","41","1","m",5,"41.1"
"1514","NSW","private","41","1","m",6,"41.1"
"1515","NSW","private","41","1","m",8,"41.1"
"1516","NSW","private","41","1","m",5,"41.1"
"1517","NSW","private","41","1","m",6,"41.1"
"1518","NSW","private","41","1","m",5,"41.1"
"1519","NSW","private","41","2","f",6,"41.2"
"1520","NSW","private","41","2","f",4,"41.2"
"1521","NSW","private","41","2","f",6,"41.2"
"1522","NSW","private","41","2","f",5,"41.2"
"1523","NSW","private","41","2","f",6,"41.2"
"1524","NSW","private","41","2","f",3,"41.2"
"1525","NSW","private","41","2","f",4,"41.2"
"1526","NSW","private","41","2","f",3,"41.2"
"1527","NSW","private","41","2","f",3,"41.2"
"1528","NSW","private","41","2","f",3,"41.2"
"1529","NSW","private","41","2","f",3,"41.2"
"1530","NSW","private","41","2","f",6,"41.2"
"1531","NSW","private","41","2","f",4,"41.2"
"1532","NSW","private","41","2","f",4,"41.2"
"1533","NSW","private","41","2","f",4,"41.2"
"1534","NSW","private","41","2","f",5,"41.2"
"1535","NSW","private","41","2","m",5,"41.2"
"1536","NSW","private","41","2","m",3,"41.2"
"1537","NSW","private","41","2","m",4,"41.2"
"1538","NSW","private","41","2","m",1,"41.2"
"1540","NSW","private","41","2","m",3,"41.2"
"1541","NSW","private","41","2","m",7,"41.2"
"1542","NSW","private","41","2","m",6,"41.2"
"1543","NSW","private","41","2","m",2,"41.2"
"1544","NSW","private","41","2","m",6,"41.2"
